url1,url2,url3
https://www.url11.com,https://www.url2.com,https://www.url3.com
https://www.url12.com,https://www.url2.com,https://www.url3.com
https://www.url13.com,https://www.url2.com,https://www.url3.com
https://www.url14.com,https://www.url2.com,https://www.url3.com
https://www.url15.com,https://www.url2.com,https://www.url3.com
https://www.url16.com,https://www.url2.com,https://www.url3.com
https://www.url17.com,https://www.url2.com,https://www.url3.com
https://www.url18.com,https://www.url2.com,https://www.url3.com
https://www.url19.com,https://www.url2.com,https://www.url3.com
https://www.url110.com,https://www.url2.com,https://www.url3.com
https://www.url111.com,https://www.url2.com,https://www.url3.com
https://www.url112.com,https://www.url2.com,https://www.url3.com
https://www.url113.com,https://www.url2.com,https://www.url3.com